date,oi,pm_l,pm_s,sw_l,sw_s,sw_sp,mm_l,mm_s,mm_sp,or_l,or_s,or_sp,nr_l,nr_s,comm_long,comm_short,comm_net,nc_long,nc_short,nc_spread,nc_net,nonrept_net
2020-01-07,1197110,78302,216999,119729,372562,162433,299814,27512,138821,118535,33341,210573,68904,34870,360464,751994,-391530,418349,60853,349394,357496,34034
2020-01-14,1170516,87238,221969,119069,357136,162686,290193,27858,135078,109598,29844,197108,69546,38837,368993,741791,-372798,399791,57702,332186,342089,30709
2020-01-21,1189723,92596,227553,113790,356358,163441,288676,29486,137451,112217,28461,208429,73123,38544,369827,747352,-377525,400893,57947,345880,342946,34579
2020-01-28,1068985,71495,204315,111826,365105,158000,289525,31891,84170,114765,18031,171981,67222,35491,341321,727420,-386099,404290,49922,256151,354368,31731
2020-02-04,1002910,62118,193876,113727,326757,150350,251743,40250,63405,119227,19314,174904,67435,34054,326195,670983,-344788,370970,59564,238309,311406,33381
2020-02-11,1013330,64740,199356,114041,337699,153383,262135,32766,63514,115672,17674,172709,67136,36229,332164,690438,-358274,377807,50440,236223,327367,30907
2020-02-18,1140854,75127,224940,102636,374487,169529,320394,36188,73946,123010,18413,203644,72568,39707,347292,768956,-421664,443404,54601,277590,388803,32861
2020-02-25,1222538,92798,239813,95715,375432,173940,313751,28779,97099,123534,22115,241448,84253,43913,362453,789185,-426732,437285,50894,338547,386391,40340
2020-03-03,1226461,93300,236711,92190,349442,196656,293813,25137,101647,117677,18037,259928,71248,38903,382146,782809,-400663,411490,43174,361575,368316,32345
2020-03-10,1236887,114589,236986,95726,346594,214815,270955,12497,91311,106929,21805,273589,68974,39291,425130,798395,-373265,377884,34302,364900,343582,29683
2020-03-17,1161072,101900,216913,84477,268384,220420,187543,10073,89423,127287,28444,288835,61189,38581,406797,705717,-298920,314830,38517,378258,276313,22608
2020-03-24,1254370,114162,232389,78595,297024,233274,201878,2190,107231,137087,24013,324472,57672,33777,426031,762687,-336656,338965,26203,431703,312762,23895
2020-03-31,992626,94274,194501,79028,273920,173390,181229,3173,73007,118913,28557,219176,53609,26901,346692,641811,-295119,300142,31730,292183,268412,26708
2020-04-07,1053747,100948,201398,76262,279654,186596,191989,3064,83550,116051,29314,240173,58178,29999,363806,667648,-303842,308040,32378,323723,275662,28179
2020-04-14,1142624,113034,211432,71892,290115,204443,204540,5975,98219,120089,28591,269623,60784,34226,389369,705990,-316621,324629,34566,367842,290063,26558
2020-04-21,1067082,98988,197179,72193,282676,187193,187257,7669,92234,120921,23752,247775,60521,28604,358374,667048,-308674,308178,31421,340009,276757,31917
2020-04-28,1023747,94452,195447,71641,288917,168995,190484,6417,95869,123607,21608,218583,60116,27911,335088,653359,-318271,314091,28025,314452,286066,32205
2020-05-05,1009319,93424,189786,73578,285994,169162,180111,8295,93711,123718,19963,214511,61103,27897,336164,644942,-308778,303829,28258,308222,275571,33206
2020-05-12,1013123,97225,189898,75410,289006,167677,181585,20612,86152,124650,16709,215981,64444,27089,340312,646581,-306269,306235,37321,302133,268914,37355
2020-05-19,1086271,103014,199469,74583,300934,183682,197798,24521,95299,130737,20473,234564,66594,27329,361279,684085,-322806,328535,44994,329863,283541,39265
2020-05-26,903115,73074,154770,74265,283822,140195,180977,32062,76434,125880,21151,167885,64405,26795,287534,578787,-291253,306857,53213,244319,253644,37610
2020-06-02,874543,75087,150989,71925,272208,121234,169015,32447,73797,124322,23594,175203,63960,25071,268246,544431,-276185,293337,56041,249000,237296,38889
2020-06-09,875907,73923,149841,72709,258342,120192,162442,35137,74731,122324,24276,188567,61020,24822,266824,528375,-261551,284766,59413,263298,225353,36198
2020-06-16,910794,76383,157693,72346,268835,126643,173656,30586,78135,126028,26601,195903,61700,26398,275372,553171,-277799,299684,57187,274038,242497,35302
2020-06-23,1004682,81384,170995,69802,292302,140951,205519,29855,92552,129745,29882,215499,69230,32645,292137,604248,-312111,335264,59737,308051,275527,36585
2020-06-30,990185,81717,174091,68007,302546,124156,213528,33527,93696,142150,31779,197537,69394,32852,273880,600793,-326913,355678,65306,291233,290372,36542
2020-07-07,1008422,82948,172380,65340,306050,129840,221148,39620,94688,145301,33583,198632,70524,33628,278128,608270,-330142,366449,73203,293320,293246,36896
2020-07-14,1016765,84559,177856,64445,301274,137260,218870,41543,94600,139279,27677,206120,71632,30436,286264,616390,-330126,358149,69220,300720,288929,41196
2020-07-21,1076205,89087,188227,62839,301518,149399,223340,39213,111901,141995,27406,222612,75032,35929,301325,639144,-337819,365335,66619,334513,298716,39103
2020-07-28,1127029,95603,187759,63722,292018,171948,211455,36945,134911,140526,37434,235368,73497,30646,331273,651725,-320452,351981,74379,370279,277602,42851
2020-08-04,1135911,99826,201619,67203,288495,160796,215216,41743,122948,145533,34324,248846,75544,37141,327825,650910,-323085,360749,76067,371794,284682,38403
2020-08-11,1091080,92588,188540,69505,279953,156493,194563,44434,113778,139852,30262,246407,77894,31213,318586,624986,-306400,334415,74696,360185,259719,46681
2020-08-18,1125064,94731,191636,69964,283931,168806,194412,39138,117866,138055,28260,264456,76775,30971,333501,644373,-310872,332467,67398,382322,265069,45804
2020-08-25,1077350,90346,185446,71885,275133,163233,178087,39748,103743,137633,25875,256603,75821,27570,325464,623812,-298348,315720,65623,360346,250097,48251
2020-09-01,1031272,80325,179320,70844,281413,144022,189256,38235,95213,136952,27254,236734,77926,29081,295191,604755,-309564,326208,65489,331947,260719,48845
2020-09-08,1018960,77556,178430,70099,279914,142550,193812,39183,89940,136060,26500,233516,75427,28927,290205,600894,-310689,329872,65683,323456,264189,46500
2020-09-15,1052825,81535,183931,69746,287376,147693,206780,41529,95617,136703,28575,238257,76493,29845,298974,619000,-320026,343483,70104,333874,273379,46648
2020-09-22,1027946,79892,170204,72131,273339,154769,178619,47530,91058,137564,26809,236382,77532,27855,306792,598312,-291520,316183,74339,327440,241844,49677
2020-09-29,911902,60075,148920,73201,273089,132993,174793,45840,66478,143646,28422,188396,72319,27763,266269,555002,-288733,318439,74262,254874,244177,44556
2020-10-06,908492,58808,148093,73513,276503,124845,175165,44156,63418,148220,28839,190487,74036,32152,257166,549441,-292275,323385,72995,253905,250390,41884
2020-10-13,905764,56622,148431,74260,266846,119508,173108,53285,60679,150476,32069,195349,75763,29598,250390,534785,-284395,323584,85354,256028,238230,46165
2020-10-20,936622,63110,156540,73564,277066,123153,185578,50267,65244,149742,34197,203897,72334,26258,259827,556759,-296932,335320,84464,269141,250856,46076
2020-10-27,886856,56478,149787,71615,274137,117681,179925,48316,58969,146548,31800,179466,76175,26701,245774,541605,-295831,326473,80116,238435,246357,49474
2020-11-03,882150,54786,146970,70384,266110,117592,172454,50503,57464,148700,30552,187798,72971,25159,242762,530672,-287910,321154,81055,245262,240099,47812
2020-11-10,873170,53171,143735,71595,256626,118613,161790,50833,53398,148008,28774,196178,70417,25013,243379,518974,-275595,309798,79607,249576,230191,45404
2020-11-17,875225,53412,147723,70711,261955,114955,170334,47873,50796,148587,30250,196710,69721,24963,239078,524633,-285555,318921,78123,247506,240798,44758
2020-11-24,751804,36982,127010,75668,250132,75237,156962,52283,46856,144291,27759,144531,71277,27995,187887,452379,-264492,301253,80042,191387,221211,43282
2020-12-01,746427,39379,135361,73528,252864,79767,157094,49441,40237,150900,18067,143737,61784,26952,192674,467992,-275318,307994,67508,183974,240486,34832
2020-12-08,778040,38934,137057,70515,259081,81459,175518,48781,46086,151092,23552,152487,61949,29536,190908,477597,-286689,326610,72333,198573,254277,32413
2020-12-15,773839,36342,135606,69021,260126,82019,177883,50055,45311,149270,22808,150972,63022,26943,187382,477751,-290369,327153,72863,196283,254290,36079
2020-12-21,799618,36993,139357,67446,265880,83946,187038,49841,48805,151398,26274,159084,64908,26431,188385,489183,-300798,338436,76115,207889,262321,38477
2020-12-29,747305,30974,134189,67525,268526,68619,187906,51045,47437,153716,26243,127349,63778,23897,167118,471334,-304216,341622,77288,174786,264334,39881
2021-01-05,810238,37747,143024,65142,283175,73371,202837,50708,57987,155663,27121,149710,67781,25143,176260,499570,-323310,358500,77829,207697,280671,42638
2021-01-12,754574,33127,129683,66545,254607,75528,158862,53592,55494,153803,20017,141810,69405,23843,175200,459818,-284618,312665,73609,197304,239056,45562
2021-01-19,735630,31773,130696,65924,249901,68529,153840,48844,68788,151430,16055,128540,66806,24277,166226,449126,-282900,305270,64899,197328,240371,42529
2021-01-26,700842,26686,127924,66605,259347,62494,162560,46844,55852,149382,13780,111882,65380,22720,155785,449765,-293980,311942,60624,167734,251318,42660
2021-02-02,695241,27555,128838,64156,252451,62604,155639,49798,57593,152791,11793,109874,65031,22292,154315,443893,-289578,308430,61591,167467,246839,42739
2021-02-09,689620,27574,127295,63783,247655,62908,153346,47495,56087,150466,15207,111660,63797,21314,154265,437858,-283593,303812,62702,167747,241110,42483
2021-02-16,686558,30074,125128,65049,232378,63750,140896,57315,54704,151340,14952,114940,65806,23393,158873,421256,-262383,292236,72267,169644,219969,42413
2021-02-23,632438,25499,118490,64119,225225,52587,140353,56958,51031,147684,14234,90357,60808,23557,142205,396302,-254097,288037,71192,141388,216845,37251
2021-03-02,645514,31892,115694,64934,197568,61823,117309,59453,58546,141712,17643,108945,60352,25840,158649,375085,-216436,259021,77096,167491,181925,34512
2021-03-09,676057,41884,120276,65170,188107,71056,106612,64716,59230,140988,15720,130061,61057,26891,178110,379439,-201329,247600,80436,189291,167164,34166
2021-03-16,676965,42533,119663,65719,194243,79448,112484,57743,62699,139180,18871,118445,56457,25854,187700,393354,-205654,251664,76614,181144,175050,30603
2021-03-23,684841,41084,116815,64851,187013,83364,118849,62839,58729,137988,25758,123790,56185,26533,189299,387192,-197893,256837,88597,182519,168240,29652
2021-03-30,638136,39395,110435,63339,178033,74811,120028,69565,52315,136033,28934,97499,54717,26544,177545,363279,-185734,256061,98499,149814,157562,28173
2021-04-06,633809,37131,115509,66483,202515,56619,132975,55569,50028,143970,33652,95024,51580,24893,160233,374643,-214410,276945,89221,145052,187724,26687
2021-04-13,630094,36618,111836,67433,201713,56916,123366,58600,48350,146581,31512,97242,53588,23926,160967,370465,-209498,269947,90112,145592,179835,29662
2021-04-20,657138,38310,116163,67766,207890,58784,130031,60731,50116,149916,35048,105081,57134,23326,164860,382837,-217977,279947,95779,155197,184168,33808
2021-04-27,635455,35565,110982,68621,205086,58808,130103,66949,47905,145073,34741,89761,59617,21222,162994,374876,-211882,275176,101690,137666,173486,38395
2021-05-04,638934,34537,105714,67316,204457,61430,130153,64020,48095,144839,36298,95374,57188,23545,163283,371601,-208318,274992,100318,143469,174674,33643
2021-05-11,704587,44149,123239,66759,229243,67558,145630,50045,55737,146398,38051,116320,62037,24394,178466,420040,-241574,292028,88096,172057,203932,37643
2021-05-18,751663,49112,125610,66091,241864,79235,156180,49284,60407,145192,37686,130377,65069,27201,194438,446709,-252271,301372,86970,190784,214402,37868
2021-05-25,699958,39256,123493,66847,253974,59121,162961,36058,56777,144022,37970,104903,66071,27662,165224,436588,-271364,306983,74028,161680,232955,38409
2021-06-01,683388,38522,114661,63326,258702,57236,166478,36632,54115,141654,36457,102136,59922,23450,159084,430599,-271515,308132,73089,156251,235043,36472
2021-06-08,679113,39436,111933,63064,260054,55132,163629,36565,50667,145688,40652,101511,59986,22599,157632,427119,-269487,309317,77217,152178,232100,37387
2021-06-15,661687,38973,109362,64560,246521,56825,155581,41130,46923,135531,39211,99949,63346,21767,160358,412708,-252350,291112,80341,146872,210771,41579
2021-06-22,634981,35668,94574,66754,218183,62915,123605,47442,44496,132590,37586,108163,60789,21621,165337,375672,-210335,256195,85028,152659,171167,39168
2021-06-29,608002,33884,90402,66479,213150,58498,126807,54291,42089,132922,37751,89289,58034,22531,158861,362050,-203189,259729,92042,131378,167687,35503
2021-07-06,625552,34897,98197,66189,229404,58220,146582,53578,39299,135073,36025,88396,56896,22432,159306,385821,-226515,281655,89603,127695,192052,34464
2021-07-13,659997,36513,99920,65415,236550,62375,152954,49965,41053,134497,35832,110048,57143,24256,164303,398845,-234542,287451,85797,151101,201654,32887
2021-07-20,659539,37197,103037,65708,244001,74323,152783,43968,38141,136613,36200,98812,55962,21057,177228,421361,-244133,289396,80168,136953,209228,34905
2021-07-27,636396,35090,92747,66007,245536,60948,147238,41427,59516,135118,35229,79084,53394,21908,162045,399231,-237186,282356,76656,138600,205700,31486
2021-08-03,628660,38592,97143,71378,254806,57329,149690,43028,36207,133212,35548,84381,57871,20216,167299,409278,-241979,282902,78576,120588,204326,37655
2021-08-10,628177,33559,82030,71743,222462,68929,123203,72190,30370,152806,34164,92966,54601,25065,174231,373421,-199190,276009,106354,123336,169655,29536
2021-08-17,637788,35633,89609,72869,242192,64371,134286,56637,29930,158521,36790,91741,50438,26518,172873,396172,-223299,292807,93427,121671,199380,23920
2021-08-24,658332,37085,93984,72848,261116,63814,145672,51080,29726,165676,39762,93909,49603,24941,173747,418914,-245167,311348,90842,123635,220506,24662
2021-08-31,639860,32481,89785,71753,268435,57982,154196,55331,28262,171388,41277,75450,48350,23338,162216,416202,-253986,325584,96608,103712,228976,25012
2021-09-07,636604,32006,88626,72139,263050,57254,144717,61177,27630,172961,40208,75620,54278,23040,161399,408930,-247531,317678,101385,103250,216293,31238
2021-09-14,634212,30897,89019,72028,259872,57319,146962,59567,28651,172827,41319,73884,51643,24581,160244,406210,-245966,319789,100886,102535,218903,27062
2021-09-21,623506,32299,82372,71667,242384,57739,133328,71734,27786,171272,37881,78304,51112,25306,161705,382495,-220790,304600,109615,106090,194985,25806
2021-09-28,608409,33052,78483,71846,222250,59400,130182,88059,26844,169741,39149,67749,49595,26475,164298,360133,-195835,299923,127208,94593,172715,23120
2021-10-05,610483,31091,79366,76055,239902,49729,140590,72749,26628,164258,42275,73378,48754,26457,156875,368997,-212122,304848,115024,100006,189824,22297
2021-10-12,614277,31274,83573,76215,238017,47110,143474,73657,29476,162899,41393,75484,48346,25567,154599,368700,-214101,306373,115050,104960,191323,22779
2021-10-19,616916,29270,85254,75161,245371,46409,136452,67171,29073,171256,41091,78486,50809,24060,150840,377034,-226194,307708,108262,107559,199446,26749
2021-10-26,673722,43938,103185,71306,263503,44111,157179,55928,53550,170939,46747,80612,52087,26086,159355,410799,-251444,328118,102675,134162,225443,26001
2021-11-02,673396,43648,104411,70636,261177,43218,151761,52873,63437,172201,45492,78010,50485,24777,157502,408806,-251304,323962,98365,141447,225597,25708
2021-11-09,775386,51934,121749,67691,291525,50641,190015,43696,77568,172344,50223,109996,55198,29988,170266,463915,-293649,362359,93919,187564,268440,25210
2021-11-16,837139,56130,135783,67391,299176,71514,208350,44307,88423,174861,55488,112758,57711,29689,195035,506473,-311438,383211,99795,201181,283416,28022
2021-11-23,711387,43675,118035,67787,274214,59320,166186,47457,59231,173272,45658,82160,59756,25313,170782,451569,-280787,339458,93115,141391,246343,34443
2021-11-30,685404,42135,101440,69810,278966,59373,151177,46185,61078,170088,40201,75520,56223,22642,171318,439779,-268461,321265,86386,136598,234879,33581
2021-12-07,655042,41014,100876,74934,270341,41307,138890,45468,61190,173538,40617,72652,51517,22592,157255,412524,-255269,312428,86085,133842,226343,28925
2021-12-14,653715,39267,96286,74661,258507,43733,134609,59119,59284,175342,39529,73707,53113,23551,157661,398526,-240865,309951,98648,132991,211303,29562
2021-12-21,651027,40030,102229,72680,257612,42411,137823,53232,59616,172217,40306,72998,53254,22624,155121,402252,-247131,310040,93538,132614,216502,30630
2021-12-28,650426,40254,106208,71861,266429,38467,146045,47210,60325,174261,45189,64856,54357,21741,150582,411104,-260522,320306,92399,125181,227907,32616
2022-01-04,650245,41735,103790,72281,263689,39419,140082,45140,65122,172896,40638,69570,49140,22878,153435,406898,-253463,312978,85778,134692,227200,26262
2022-01-11,699412,46111,105788,79432,260968,41650,134492,46633,79272,170920,43209,95105,52430,26786,167193,408406,-241213,305412,89842,174377,215570,25644
2022-01-18,696202,49578,109525,84605,262763,49097,134572,50033,70066,170848,44447,86018,51417,24252,183280,421385,-238105,305420,94480,156084,210940,27165
2022-01-25,723419,31580,108863,81157,279205,57536,158663,40955,65463,174820,46746,98407,55793,26244,170273,445604,-275331,333483,87701,163870,245782,29549
2022-02-01,637298,28158,88553,92093,250856,41141,122443,59895,55426,169540,42327,77580,50917,21521,161392,380550,-219158,291983,102222,133006,189761,29396
2022-02-08,647101,27645,92201,91878,262884,41408,135187,50298,55091,166066,40080,80786,49040,24352,160931,396493,-235562,301253,90378,135877,210875,24688
2022-02-15,717041,30456,106907,90334,281563,45848,169548,43902,65785,165924,48808,97927,51219,26299,166638,434318,-267680,335472,92710,163712,242762,24920
2022-02-22,808830,34107,119337,88435,310446,57152,203121,42139,79590,173314,52723,118818,54293,28626,179694,486935,-307241,376435,94862,198408,281573,25667
2022-03-01,815986,39224,121528,86923,322539,54040,207420,39317,71719,172395,49793,128359,55904,28691,180187,498107,-317920,379815,89110,200078,290705,27213
2022-03-08,921117,50607,138094,86307,351602,75222,213714,38020,59472,189799,44270,182653,63342,31784,212136,564918,-352782,403513,82290,242125,321223,31558
2022-03-15,849700,47046,122366,84390,341515,82082,186305,38804,48648,186934,37763,153754,60541,24768,213518,545963,-332445,373239,76567,202402,296672,35773
2022-03-22,823034,49020,119865,90412,334258,75123,171321,37329,48117,179233,32023,150735,59072,25584,214555,529246,-314691,350554,69352,198852,281202,33488
2022-03-29,762707,37314,92833,84554,335029,65625,168816,38690,51634,180107,32278,120234,54423,26383,187493,493487,-305994,348923,70968,171868,277955,28040
2022-04-05,745645,38564,95566,83413,325029,56460,170238,47567,46576,175766,32705,117676,56951,24066,178437,477055,-298618,346004,80272,164252,265732,32885
2022-04-12,795447,42434,102311,81942,338719,60431,193192,48528,49561,174518,34837,132238,61131,28821,184807,501461,-316654,367710,83365,181799,284345,32310
2022-04-19,776562,44231,102165,83613,327850,58474,180607,55640,51118,175968,34387,122054,60497,24874,186318,488489,-302171,356575,90027,173172,266548,35623
2022-04-26,728774,41997,91576,87012,305258,52462,156528,57085,48144,172449,35579,113997,56186,24673,181471,449296,-267825,328977,92664,162141,236313,31513
2022-05-03,731812,41888,86848,91543,290986,53098,144193,61257,52774,162912,34572,128600,56803,23677,186529,430932,-244403,307105,95829,181374,211276,33126
2022-05-10,741917,39730,86870,91841,278347,58599,135560,61669,75446,160471,35947,122295,57974,22744,190170,423816,-233646,296031,97616,197741,198415,35230
2022-05-17,727353,40239,82933,91866,259998,64813,125823,71254,62461,161130,37334,124594,56427,23967,196918,407744,-210826,286953,108588,187055,178365,32460
2022-05-24,717726,38436,87282,86976,262966,65736,136718,59225,54740,156729,38300,125807,52585,23670,191148,415984,-224836,293447,97525,180547,195922,28915
2022-05-31,641087,27228,76461,87346,247515,58815,125749,63081,43615,155917,37403,91694,50723,22504,173389,382791,-209402,281666,100484,135309,181182,28219
2022-06-07,622353,23852,71880,83939,245231,46113,128491,58723,44782,154363,40171,92677,48136,22776,153904,363224,-209320,282854,98894,137459,183960,25360
2022-06-14,643209,22240,67835,90464,233968,49537,121509,71948,48697,155824,41764,103736,51202,25724,162241,351340,-189099,277333,113712,152433,163621,25478
2022-06-21,639784,19906,67029,89680,241751,47705,125213,63397,49727,155206,42397,103269,49078,24509,157291,356485,-199194,280419,105794,152996,174625,24569
2022-06-28,622359,22058,67649,88858,233193,42757,121681,75044,50097,157161,38707,90316,49432,24597,153673,343599,-189926,278842,113751,140413,165091,24835
2022-07-05,641642,23894,64199,90707,217444,47865,113448,86642,53373,158768,39158,104206,49381,28755,162466,329508,-167042,272216,125800,157579,146416,20626
2022-07-12,694137,27406,56481,92054,199566,60114,99643,96895,91083,152760,38657,112983,58095,38357,179574,316161,-136587,252403,135552,204066,116851,19738
2022-07-19,677492,30791,56838,94886,179387,76392,98266,107987,84338,141662,39440,101947,49210,31163,202069,312617,-110548,239928,147427,186285,92501,18047
2022-07-26,622683,24541,50173,92205,174234,65849,102073,112547,58676,143488,41589,88593,47258,31021,182595,290256,-107661,245561,154136,147269,91425,16237
2022-08-02,613727,25045,56385,87849,196574,57849,109004,81105,55708,141206,40818,95284,41782,30004,170743,310808,-140065,250210,121923,150992,128287,11778
2022-08-09,612376,24568,62496,83181,205930,57466,112364,59567,61120,138578,42741,92792,42307,30264,165215,325892,-160677,250942,102308,153912,148634,12043
2022-08-16,598603,22638,59416,83908,204467,56063,108673,62437,56742,136452,38652,91637,42491,29189,162609,319946,-157337,245125,101089,148379,144036,13302
2022-08-23,598932,22539,56677,85569,191585,58563,106957,76631,55109,135231,37953,92393,42570,30020,166671,306825,-140154,242188,114584,147502,127604,12550
2022-08-30,581386,21925,53688,87323,186289,51438,102925,82199,53547,136640,39315,84531,43057,30379,160686,291415,-130729,239565,121514,138078,118051,12678
2022-09-06,594783,23219,49653,89388,175930,56227,96271,95054,62771,136744,36390,86553,43610,32205,168834,281810,-112976,233015,131444,149324,101571,11405
2022-09-13,593418,19831,47427,89922,171871,57487,90604,100736,64351,137097,32416,88635,45490,30493,167240,276785,-109545,227701,133152,152986,94549,14997
2022-09-20,618780,24344,42330,96613,150801,68882,84887,117853,67044,130792,37039,99969,46249,34861,189839,262013,-72174,215679,154892,167013,60787,11388
2022-09-27,584868,21642,34504,99062,143198,58970,78540,119840,66684,124350,37077,90732,44889,33863,179674,236672,-56998,202890,156917,157416,45973,11026
2022-10-04,588463,20379,43193,94277,169821,45914,95180,90239,68933,124855,39376,97463,41462,33525,160570,258928,-98358,220035,129615,166396,90420,7937
2022-10-11,574421,19733,43636,91854,169310,45448,86676,85386,67764,125034,34954,95910,42003,32014,157035,258394,-101359,211710,120340,163674,91370,9989
2022-10-18,582348,22723,37514,93015,161577,47632,80501,101134,66292,124158,34180,103814,44214,30206,163370,246723,-83353,204659,135314,170106,69345,14008
2022-10-25,606961,26948,35861,95438,159006,51164,78647,111781,69615,125999,33523,114606,44543,31405,173550,246031,-72481,204646,145304,184221,59342,13138
2022-11-01,599297,24488,32752,98254,158634,49216,82503,121381,74853,128935,32427,98189,42860,31847,171958,240602,-68644,211438,153808,173042,57630,11013
2022-11-08,645338,24268,44818,94908,168372,53798,97196,105415,90276,130036,36875,111682,43173,34103,172974,266988,-94014,227232,142290,201958,84942,9070
2022-11-15,684124,23135,65715,91622,196173,74657,111455,70729,96430,128978,30675,115630,42218,34116,189414,336545,-147131,240433,101404,212060,139029,8102
2022-11-22,570841,16198,59813,95880,191153,54037,104948,73029,60811,120374,27815,74906,43687,29277,166115,305003,-138888,225322,100844,135717,124478,14410
2022-11-29,559524,14569,54651,97493,186385,55746,102096,74087,56359,118940,27505,76206,38116,28585,167808,296782,-128974,221036,101592,132565,119444,9531
2022-12-06,566225,14665,56718,91387,189529,50147,108196,70578,59244,116290,29118,83885,42412,27007,156199,296394,-140195,224486,99696,143129,124790,15405
2022-12-13,606562,18083,59579,91509,203135,54771,122652,66098,61287,118517,34657,97280,42463,29754,164363,317485,-153122,241169,100755,158567,140414,12709
2022-12-20,606785,19373,59875,89444,204825,53151,124021,65569,62324,117994,33989,96884,43594,30169,161968,317851,-155883,242015,99558,159208,142457,13425
2022-12-27,579634,18739,62993,89125,214733,42375,123337,56005,62792,121450,35643,78669,43146,26424,150239,320101,-169862,244787,91648,141461,153139,16722
2023-01-03,606863,19698,65585,87558,219789,44557,127360,54555,67277,120816,33586,92860,46738,28655,151813,329931,-178118,248176,88141,160137,160035,18083
2023-01-10,664014,20816,72344,84097,226614,52431,136643,54069,75131,124801,34768,119143,50952,29513,157344,351389,-194045,261444,88837,194274,172607,21439
2023-01-17,705668,27704,74603,84897,236943,65831,145586,52229,84795,119928,36492,123354,53572,31420,178432,377377,-198945,265514,88721,208149,176793,22152
2023-01-24,733468,28515,72575,85452,247408,75546,157363,50732,79049,118778,41547,135368,53397,31242,189513,395529,-206016,276141,92279,214417,183862,22155
2023-01-31,661942,26826,69574,83654,250678,53411,161672,50132,62197,116936,38942,107911,49336,29098,163891,373663,-209772,278608,89074,170108,189534,20238
2023-02-07,620608,25328,61150,88134,225007,50515,133354,54515,57848,105864,36669,106806,52759,28097,163977,336672,-172695,239218,91184,164654,148034,24662
2023-02-14,605576,21696,55888,90148,205471,53627,122037,64684,56543,102818,34945,108358,50348,26059,165471,314986,-149515,224855,99629,164901,125226,24289
2023-02-21,599637,20085,53508,89889,201483,56175,119178,66721,59227,103134,33791,102944,49005,25787,166149,311166,-145017,222312,100512,162171,121800,23218
2023-02-28,575384,20560,53500,93481,193015,52449,113296,73388,57588,103828,30693,87669,46512,27081,166490,298964,-132474,217124,104081,145257,113043,19431
2023-03-07,615245,20197,52487,95359,182976,59048,114511,90405,63728,104958,30933,108569,48875,27099,174604,294511,-119907,219469,121338,172297,98131,21776
2023-03-14,676591,23405,66696,97265,222658,62719,140846,55484,71544,106288,37095,127146,47379,33250,183389,352073,-168684,247134,92579,198690,154555,14129
2023-03-21,718931,28163,77874,92610,241763,70345,146318,39363,78656,107421,39992,141912,53506,29025,191118,389982,-198864,253739,79355,220568,174384,24481
2023-03-28,711739,27295,80282,90835,257141,75370,159971,29657,71409,109306,39587,125472,52081,32821,193500,412793,-219293,269277,69244,196881,200033,19260
2023-04-04,748112,29128,76377,89856,284641,67303,171969,26983,68617,120751,45694,145898,54592,32601,186287,428321,-242034,292720,72677,214515,220043,21991
2023-04-11,736307,28950,75727,92514,285747,64373,161859,24296,69333,121933,43089,142343,55001,31400,185837,425847,-240010,283792,67385,211676,216407,23601
2023-04-18,748698,30218,76279,93761,289435,66974,164063,29810,66870,120379,39480,149576,56857,30274,190953,432688,-241735,284442,69290,216446,215152,26583
2023-04-25,704204,29197,73821,94541,286724,56939,159461,26287,62733,115209,38559,129700,56424,29441,180677,417484,-236807,274670,64846,192433,209824,26983
2023-05-02,744202,30935,77717,94283,294550,60755,172032,24216,67989,117939,40592,147079,53189,31304,185973,433022,-247049,289971,64808,215068,225163,21885
2023-05-09,794166,31595,80030,95377,298922,69610,172938,26312,87640,120028,41117,159076,57903,31460,196582,448562,-251980,292966,67429,246716,225537,26443
2023-05-16,769191,29747,74925,96434,288813,72863,162666,30877,79767,111221,37744,155708,60784,28493,199044,436601,-237557,273887,68621,235475,205266,32291
2023-05-23,722490,30015,66336,94612,267523,80317,148165,30775,60017,102698,37384,151635,55031,28503,204944,414176,-209232,250863,68159,211652,182704,26528
2023-05-30,639126,22218,55335,92838,253406,69948,142504,34651,48897,100289,35423,113855,48576,27610,185004,378689,-193685,242793,70074,162752,172719,20966
2023-06-06,625245,23131,54417,91085,260814,53495,141286,27121,49795,102483,37844,111841,52130,29919,167711,368726,-201015,243769,64965,161636,178804,22211
2023-06-13,618147,23704,51840,93368,252505,56561,126927,33623,51292,102337,34728,110343,53614,27255,173633,360906,-187273,229264,68351,161635,160913,26359
2023-06-20,621664,22583,50735,95175,254236,56719,128005,33379,51778,103786,35282,111313,52304,28222,174477,361690,-187213,231791,68661,163091,163130,24082
2023-06-27,590757,18585,44799,94824,246206,48772,122450,35978,53671,100133,33008,99337,52985,28987,162181,339777,-177596,222583,68986,153008,153597,23998
2023-07-03,609673,21140,48599,90133,249706,47729,137499,38294,54549,100417,34426,107931,50276,28440,159002,346034,-187032,237916,72720,162480,165196,21836
2023-07-11,656397,20461,49830,89577,251079,51812,140681,40062,65447,103395,35393,133300,51723,29474,161850,352721,-190871,244076,75455,198747,168621,22249
2023-07-18,676043,22697,63279,84400,264120,57416,166750,30843,61051,105779,41374,126708,51243,31252,164513,384815,-220302,272529,72217,187759,200312,19991
2023-07-25,659555,23668,64498,86593,249904,62212,150118,33827,61938,103285,39743,120031,51710,27402,172473,376614,-204141,253403,73570,181969,179833,24308
2023-08-01,596100,21261,53179,90411,250580,42581,139967,40630,52301,104093,34137,97490,47996,25201,154253,346340,-192087,244060,74767,149791,169293,22795
2023-08-08,583740,20703,47940,91044,234135,39800,127251,51669,53859,102328,33188,98537,50218,24611,151547,321875,-170328,229579,84857,152396,144722,25607
2023-08-15,594756,23843,44873,89744,210591,43021,124926,78386,56084,105117,31855,101790,50232,28157,156608,298485,-141877,230043,110241,157874,119802,22075
2023-08-22,600009,25151,41616,90606,193407,45196,115766,90071,58977,104984,31929,107273,52057,31539,160953,280219,-119266,220750,122000,166250,98750,20518
2023-08-29,597241,27696,47998,85064,209426,41995,138044,79910,52244,104829,36035,98515,48855,31118,154755,299419,-144664,242873,115945,150759,126928,17737
2023-09-05,586886,24978,48907,83809,220714,39309,134439,68099,51957,105077,31519,96411,50906,29970,148096,308930,-160834,239516,99618,148368,139898,20936
2023-09-12,585976,24439,45574,86575,210166,40583,130952,81156,51868,104932,31799,94973,51655,29859,151597,296323,-144726,235884,112955,146841,122929,21796
2023-09-19,596410,23297,47461,84209,215517,42701,136376,69737,56645,102566,32453,101143,49473,30753,150207,305679,-155472,238942,102190,157788,136752,18720
2023-09-26,573822,20683,44965,91008,199601,37006,124420,88776,55396,108416,31534,86085,50808,30458,148697,281572,-132875,232836,120310,141481,112526,20350
2023-10-03,607491,26236,45782,91477,170955,48689,103165,106169,55086,106799,28527,122748,53290,29533,166402,265426,-99024,209964,134696,177834,75268,23757
2023-10-10,623216,28284,44984,95749,160575,52805,102359,117147,58248,103843,28580,130055,51872,30821,176838,258364,-81526,206202,145727,188303,60475,21051
2023-10-17,672669,22710,51385,86810,184163,62362,124065,82198,67619,101101,32883,160301,47702,31758,171882,297910,-126028,225166,115081,227920,110085,15944
2023-10-24,740610,23701,63925,81966,211495,72524,151431,60749,70086,103923,41384,187262,49719,33186,178191,347944,-169753,255354,102133,257348,153221,16533
2023-10-31,728673,23265,67316,78167,224670,68881,164939,58596,69214,104831,39751,168216,51160,32030,170313,360867,-190554,269770,98347,237430,171423,19130
2023-11-07,720170,22120,65878,80888,229989,67593,160609,55373,70086,104860,37532,162983,51031,30737,170601,363460,-192859,265469,92905,233069,172564,20294
2023-11-14,722583,23228,65648,83225,223838,63357,154466,61806,73005,103678,34788,171095,50527,29045,169810,352843,-183033,258144,96594,244100,161550,21482
2023-11-21,763981,25557,70915,78573,234506,71886,173351,58457,70961,106403,37944,188117,49132,31195,176016,377307,-201291,279754,96401,259078,183353,17937
2023-11-28,718454,25900,73903,72931,254847,67342,197628,53218,52345,108677,41521,142445,51185,32833,166173,396092,-229919,306305,94739,194790,211566,18352
2023-12-05,702028,24678,71627,72632,260912,58024,181959,49444,50186,118381,40174,141993,54175,29668,155334,390563,-235229,300340,89618,192179,210722,24507
2023-12-12,659677,24528,66202,73712,246876,57286,161389,50005,51902,112904,35378,125393,52563,26636,155526,370364,-214838,274293,85383,177295,188910,25927
2023-12-19,702177,26439,71273,69958,260599,63019,177020,45271,54144,115777,38631,141409,54409,27830,159416,394891,-235475,292797,83902,195553,208895,26579
2023-12-26,685284,22405,67270,69854,268004,58380,178676,43169,52643,126005,43705,123296,54026,28816,150639,393654,-243015,304681,86874,175939,217807,25210
2024-01-02,700881,23294,64884,71317,275886,60455,179464,41948,56568,124485,43912,130275,55023,26954,155066,401225,-246159,303949,85860,186843,218089,28069
2024-01-09,665286,20542,64032,76049,253688,55504,150474,44186,55562,126186,41331,124842,56129,26142,152095,373224,-221129,276660,85517,180404,191143,29987
2024-01-16,668529,21639,61122,74046,245531,61392,146608,45974,62483,120144,38530,126850,55368,26648,157077,368045,-210968,266752,84504,189333,182248,28720
2024-01-23,642602,23657,61351,76257,234251,61037,124608,47993,61680,120056,24267,124132,51175,27890,160951,356639,-195688,244664,72260,185812,172404,23285
2024-01-30,580408,24377,58062,75597,216307,58091,122948,50972,51681,103340,23868,93914,50461,27514,158065,332460,-174395,226288,74840,145595,151448,22947
2024-02-06,575677,24297,59392,75819,223882,46149,127187,44596,49966,106082,24243,99045,47131,28404,146265,329423,-183158,233269,68839,149011,164430,18727
2024-02-13,576184,24479,55766,81366,202512,46619,109364,62964,56788,106888,24036,100159,50522,27341,152464,304897,-152433,216252,87000,156947,129252,23181
2024-02-20,567260,19813,56963,77976,201895,51963,110087,45739,54577,103577,25378,102584,46683,28162,149752,310821,-161069,213664,71117,157161,142547,18521
2024-02-27,551918,20308,58540,77884,200049,49862,115043,47001,52023,104239,28394,88956,43602,27093,148054,308451,-160397,219282,75395,140979,143887,16509
2024-03-05,706068,24462,75694,72704,243097,65636,164640,33580,71155,117170,39978,138595,51707,38333,162802,384427,-221625,281810,73558,209750,208252,13374
2024-03-12,776137,44346,96388,71471,256418,78504,190374,30814,76587,104220,41240,155476,55158,40709,194321,431310,-236989,294594,72054,232063,222540,14449
2024-03-19,789118,46744,97747,73439,255156,85259,186681,29214,86383,100317,39498,153938,56357,41924,205442,438162,-232720,286998,68712,240321,218286,14433
2024-03-26,723391,45210,95321,76142,262640,76342,183265,25545,61192,97115,36470,129969,54155,35911,197694,434303,-236609,280380,62015,191161,218365,18244
2024-04-02,797856,47563,96445,74392,278524,77770,204477,26264,68190,101693,43332,167381,56390,39950,199725,452739,-253014,306170,69596,235571,236574,16440
2024-04-09,865833,54614,102270,73338,280786,90820,208634,29492,78985,98894,43531,200499,60049,39450,218772,473876,-255104,307528,73023,279484,234505,20599
2024-04-16,924186,59584,100659,72383,283952,105734,198276,25415,99892,99446,40723,228255,60615,39556,237701,490345,-252644,297722,66138,328147,231584,21059
2024-04-23,898041,58136,96255,70526,285013,98559,200127,23970,101496,92923,40181,218929,57344,33638,227221,479827,-252606,293050,64151,320425,228899,23706
2024-04-30,841013,53103,89586,68824,286187,82705,192173,25034,97505,94836,31444,193701,58166,34851,204632,458478,-253846,287009,56478,291206,230531,23315
2024-05-07,861373,51737,89802,68665,284252,85549,189194,26062,106612,93970,30982,203769,61878,34346,205951,459603,-253652,283164,57044,310381,226120,27532
2024-05-14,875249,52667,88747,70909,295232,96533,199507,26565,90781,96497,36690,207805,60549,32895,220109,480512,-260403,296004,63255,298586,232749,27654
2024-05-21,931382,40739,83233,70693,315406,105183,218347,24375,101867,97857,34461,231903,64793,34954,216615,503822,-287207,316204,58836,333770,257368,29839
2024-05-28,773824,34449,74776,67077,298328,84000,201329,22108,62589,97316,29672,168718,58346,33632,185526,457104,-271578,298645,51780,231307,246865,24714
2024-06-04,736514,32205,72509,54735,287995,73181,197278,16517,56305,93445,30198,172443,56923,27365,160121,433685,-273564,290723,46715,228748,244008,29558
2024-06-11,729754,31762,72745,54335,277345,76091,189290,11741,54003,88560,29943,178206,57508,29680,162188,426181,-263993,277850,41684,232209,236166,27828
2024-06-18,743289,31381,74940,54160,285983,77602,200892,11359,56094,90060,29619,179008,54092,28685,163143,438525,-275382,290952,40978,235102,249974,25407
2024-06-25,711234,31196,73805,55654,286123,71837,197885,13175,52102,90463,28631,156948,55149,28612,158687,431765,-273078,288348,41806,209050,246542,26537
2024-07-02,719261,30167,75879,57329,277251,74310,191948,13407,59159,91450,28484,160720,54177,30052,161806,427440,-265634,283398,41891,219879,241507,24125
2024-07-09,799427,32061,84545,58882,288507,80630,209035,17432,85803,94232,30599,180882,57902,31030,171573,453682,-282109,303267,48031,266685,255236,26872
2024-07-16,953024,47673,108779,57785,308802,101524,241474,21115,100772,104729,36569,235345,63724,40118,206982,519105,-312123,346203,57684,336117,288519,23606
2024-07-23,908046,40541,94758,55813,298766,98083,222626,24182,96623,103744,33622,229679,60938,32333,194437,491607,-297170,326370,57804,326302,268566,28605
2024-07-30,815816,42890,88991,52195,284991,81047,211608,22699,75454,97460,34482,198877,56284,29275,176132,455029,-278897,309068,57181,274331,251887,27009
2024-08-06,796080,40361,88854,55683,278705,77261,203726,18252,76343,86637,31927,198274,57795,26464,173305,444820,-271515,290363,50179,274617,240184,31331
2024-08-13,865820,43238,100522,51936,295601,86904,232909,13237,85148,94460,38911,214181,57045,31317,182078,483027,-300949,327369,52148,299329,275221,25728
2024-08-20,926026,45282,112046,49742,307484,92473,251519,14770,93980,104599,41564,228464,59967,35244,187497,512003,-324506,356118,56334,322444,299784,24723
2024-08-27,840626,35157,101043,48757,305245,84271,251097,14279,74033,97567,39528,188440,61305,33787,168185,490559,-322374,348664,53807,262473,294857,27518
2024-09-03,808325,34058,101562,50964,291875,74456,242861,16271,65133,96747,40264,186518,57589,32247,159478,467893,-308415,339608,56535,251651,283073,25342
2024-09-10,827014,36362,110667,48329,278882,77479,246214,19505,68406,96175,42257,197086,56963,32732,162170,467028,-304858,342389,61762,265492,280627,24231
2024-09-17,902570,41760,118659,41685,297700,88179,273295,20667,79586,101525,46389,216128,60413,35263,171624,504538,-332914,374820,67056,295714,307764,25150
2024-09-24,994199,52159,131043,41644,300286,102150,282912,28071,97573,103627,44529,252764,61370,37783,195953,533479,-337526,386539,72600,350337,313939,23587
2024-10-01,915249,48594,122388,39878,294095,84586,267477,18517,92408,98362,46622,223624,60321,33010,173058,501069,-328011,365839,65139,316032,300700,27311
2024-10-08,875966,46090,115500,42490,276638,79793,244756,18473,90003,98798,48317,215748,58287,31494,168373,471931,-303558,343554,66790,305751,276764,26793
2024-10-15,904588,50619,123088,40986,281120,86061,253640,18356,93929,100291,50036,221754,57307,30243,177666,490269,-312603,353931,68392,315683,285539,27064
2024-10-22,983079,57234,135810,38797,284529,92629,257959,15870,125288,101315,48227,247728,62129,32999,188660,512968,-324308,359274,64097,373016,295177,29130
2024-10-29,945200,49441,128295,36818,274115,85522,257521,20446,128858,103912,50038,221653,61475,36272,171781,487932,-316151,361433,70484,350511,290949,25203
2024-11-05,926213,49245,122699,35777,257142,89806,239534,17787,129131,94044,48652,228717,59959,32279,174828,469647,-294819,333578,66439,357848,267139,27680
2024-11-12,871454,43163,111263,34511,238675,83653,218739,21377,110611,90619,45714,225089,65067,35072,161327,433591,-272264,309358,67091,335700,242267,29995
2024-11-19,850790,44678,116851,31928,229709,88376,210131,19807,97602,92221,40527,226011,59842,31905,164982,434936,-269954,302352,60334,323613,242018,27937
2024-11-26,711924,38583,101189,32848,240449,67436,217568,19377,60302,85042,36312,156970,53175,29889,138867,409074,-270207,302610,55689,217272,246921,23286
2024-12-03,709609,35571,94306,32325,258464,62187,218441,17044,63067,89367,32529,154468,54182,27545,130083,414957,-284874,307808,49573,217535,258235,26637
2024-12-10,758752,37972,102262,32717,266760,67321,236267,16078,69767,91563,34322,170713,52432,31530,138010,436343,-298333,327830,50400,240480,277430,20902
2024-12-17,715934,33468,102799,32688,249046,58422,215724,11787,70186,85911,28639,164966,54568,30088,124578,410267,-285689,301635,40426,235152,261209,24480
2024-12-24,691049,30502,101553,31598,230384,57090,198553,14293,67829,85488,26366,166729,53260,26803,119190,389027,-269837,284041,40659,234558,243382,26457
2024-12-31,658591,27022,98925,31744,229484,54858,195936,13552,70643,87624,24446,138477,52285,28205,113624,383267,-269643,283560,37998,209120,245562,24080
2025-01-07,690485,27671,97610,32508,241043,57033,206713,12214,80600,89114,29283,144336,52509,28367,117212,395686,-278474,295827,41497,224936,254330,24142
2025-01-14,756977,39449,112054,30073,259575,81501,221614,9120,78463,92960,27190,158916,54000,30158,151023,453130,-302107,314574,36310,237379,278264,23842
2025-01-21,845135,40969,120756,29712,279108,90718,239918,5560,105636,100828,31979,180370,56984,31007,161399,490582,-329183,340746,37539,286006,303207,25977
2025-01-28,805253,39561,120387,29284,279306,97449,242828,12236,94690,103914,28352,142771,54754,30062,166294,497142,-330848,346742,40588,237461,306154,24692
2025-02-04,837198,42601,106115,20557,292350,82365,255030,24804,92445,109995,30066,178477,55728,30577,145523,480830,-335307,365025,54870,270922,310155,25151
2025-02-11,867510,47091,107410,17519,275330,87647,243406,27839,98010,107635,29570,209577,56624,32126,152257,470387,-318130,351041,57409,307587,293632,24498
2025-02-18,871137,49662,107835,14673,257934,90592,231765,29803,99463,102479,29665,224077,58427,31769,154927,456361,-301434,334244,59468,323540,274776,26658
2025-02-25,773047,45397,102642,12126,250130,70262,223455,29098,90604,101475,28391,174012,55716,27909,127785,423034,-295249,324930,57489,264616,267441,27807
2025-03-04,756299,46409,101781,13606,235639,61601,217056,34492,84944,94913,28476,181269,56502,28097,121616,399021,-277405,311969,62968,266213,249001,28405
2025-03-11,779270,46027,100100,15787,233650,79424,215627,33476,91442,88014,28132,182784,60166,30262,141238,413174,-271936,303641,61608,274226,242033,29904
2025-03-18,870033,49690,110597,13557,247074,97523,235409,35252,95187,99932,31522,218222,60512,34657,160770,455194,-294424,335341,66774,313409,268567,25855
2025-03-25,826602,40273,99558,12968,240461,101610,226705,34018,80693,98019,32121,206127,60208,32015,154851,441629,-286778,324724,66139,286820,258585,28193
2025-04-01,851437,37094,98240,22891,238585,76067,216348,39795,105695,107985,33656,226634,58723,32764,136052,412892,-276840,324333,73451,332329,250882,25959
2025-04-08,775736,36258,87524,28610,212762,71321,181033,42568,83686,87983,23347,228888,57957,25640,136189,371607,-235418,269016,65915,312574,203101,32317
2025-04-15,884929,42205,94214,25389,219649,88058,175224,38305,105714,107713,28231,281415,59210,29341,155652,401921,-246269,282937,66536,387129,216401,29869
2025-04-22,978932,50079,96879,32291,206614,110060,164436,38714,126228,99300,29753,334826,61713,35858,192430,413553,-221123,263736,68467,461054,195269,25855
2025-04-29,862598,48794,94399,30798,194924,97618,155256,39391,100390,94082,28069,277226,58434,30582,177210,386941,-209731,249338,67460,377616,181878,27852
2025-05-06,902795,50707,96858,32240,197063,96299,147550,35243,112714,96225,27418,305372,61688,31829,179246,390220,-210974,243775,62661,418086,181114,29859
2025-05-13,832416,48157,91008,31054,194787,94519,148255,37381,83132,91004,25858,277088,59207,28643,173730,380314,-206584,239259,63239,360220,176020,30564
2025-05-20,861067,52029,91574,30898,204582,97209,153263,34648,93443,83854,22530,288992,61379,28090,180136,393365,-213229,237117,57178,382435,179939,33289
2025-05-27,716227,35919,80772,35761,201669,79731,152034,34797,78559,81432,21607,189895,62895,29197,151411,362172,-210761,233466,56404,268454,177062,33698
2025-06-03,710687,35176,81008,34845,214173,67995,165087,34579,68862,81894,20969,198229,58600,24872,138016,363176,-225160,246981,55548,267091,191433,33728
2025-06-10,697081,33826,80779,33948,213316,66271,164315,34464,65286,80692,20361,192313,60431,24291,134045,360366,-226321,245007,54825,257599,190182,36140
2025-06-17,742394,32237,81725,35799,226229,74431,171604,34978,74179,85936,21920,204226,63982,24707,142467,382385,-239918,257540,56898,278405,200642,39275
2025-06-24,698970,32926,77483,36975,218646,72674,167386,36902,61469,79481,21417,185737,62321,24641,142575,368803,-226228,246867,58319,247206,188548,37680
2025-07-01,668770,33294,75275,35966,223695,66571,171053,34356,59590,77320,20658,164152,60825,24473,135831,365541,-229710,248373,55014,223742,193359,36352
2025-07-08,666313,34080,74042,35138,226538,68109,169820,34978,54953,79372,20575,161304,63535,25813,137327,368689,-231362,249192,55553,216257,193639,37722
2025-07-15,678633,35828,75144,33639,237786,73937,178263,34607,42615,80111,20011,170275,63965,24258,143404,386867,-243463,258374,54618,212890,203756,39707
2025-07-22,758541,34908,78168,31501,263760,85161,204514,33646,52445,99542,25130,188311,62160,31920,151570,427089,-275519,304056,58776,240756,245280,30240
2025-07-29,648414,30756,73609,37473,248678,70987,178435,35589,38470,94497,20156,137777,60017,23147,139216,393274,-254058,272932,55745,176247,217187,36870
2025-08-05,670740,43003,70271,33758,270179,62450,192973,31162,40049,90523,22117,149032,58951,25479,139211,402900,-263689,283496,53279,189081,230217,33472
2025-08-12,663454,29947,62852,34558,257703,63117,188136,33910,46600,90336,24019,150248,60512,25005,127622,383672,-256050,278472,57929,196848,220543,35507
2025-08-19,644005,29419,62667,39063,247177,61120,177561,35803,46073,84394,24282,143797,62579,23087,129602,370964,-241362,261955,60085,189870,201870,39492
2025-08-26,633282,26811,65235,45071,253944,56407,181374,33252,47858,87568,25959,125028,63164,25598,128289,375586,-247297,268942,59211,172886,209731,37566
2025-09-02,764782,28990,79594,44281,262565,71613,201796,32934,66078,109162,33592,177130,65732,41276,144884,413772,-268888,310958,66526,243208,244432,24456
2025-09-09,817108,32104,89800,42806,252008,81361,199305,32888,72564,116634,27700,203744,68589,57043,156271,423169,-266898,315939,60588,276308,255351,11546
2025-09-16,835822,36076,93158,41644,276835,88152,193240,32757,77732,119733,24138,208708,70536,34343,165872,458145,-292273,312973,56895,286440,256078,36193
2025-09-23,898447,38666,95508,42028,276247,97855,192350,33734,89092,127422,26778,242301,68734,36933,178549,469610,-291061,319772,60512,331393,259260,31801
2025-09-30,821734,33682,91085,35213,261193,82515,184795,35484,72011,124635,25865,222053,66832,31529,151410,434793,-283383,309430,61349,294064,248081,35303
2025-10-07,849176,37539,93545,38158,239963,96571,169883,35956,73569,117544,26269,248707,67205,34597,172268,430079,-257811,287427,62225,322276,225202,32608
2025-10-14,915454,43554,95437,43375,221665,113187,147322,37745,83506,113800,25646,300064,70645,38204,200116,430289,-230173,261122,63391,383570,197731,32441
2025-10-21,926098,43534,91792,48839,200925,130571,127031,34897,85192,101537,27470,321132,68262,34119,222944,423288,-200344,228568,62367,406324,166201,34143
2025-10-28,808428,36208,85226,45476,213208,103253,136137,30502,67054,102121,24879,254671,63508,29635,184937,401687,-216750,238258,55381,321725,182877,33873
2025-11-04,792984,33119,83466,44303,207606,107452,129572,28016,61852,99903,22454,253838,62946,28301,184874,398524,-213650,229475,50470,315690,179005,34645
2025-11-10,837169,35349,84235,39988,211642,115914,131646,27816,61039,101895,23406,284890,66448,28227,191251,411791,-220540,233541,51222,345929,182319,38221
2025-11-18,846779,35053,83844,41985,209889,126947,126346,29661,61493,108042,24229,282796,64119,27921,203985,420680,-216695,234388,53890,344289,180498,36198
2025-11-25,669455,21859,67668,38271,222105,81972,135364,27388,49252,103952,20333,177532,61255,23205,142102,371745,-229643,239316,47721,226784,191595,38050
2025-12-02,664896,23116,70852,33008,228929,65564,139154,19346,51510,107488,22880,181069,63986,24746,121688,365345,-243657,246642,42226,232579,204416,39240
2025-12-09,683904,23795,71556,33752,235693,68545,143756,19119,55213,108450,24083,187108,63285,22587,126092,375794,-249702,252206,43202,242321,209004,40698
2025-12-16,761051,30471,73418,30817,249158,81720,153882,19752,65197,110724,26129,220292,67949,25385,143008,404296,-261288,264606,45881,285489,218725,42564
2025-12-23,770129,29878,81477,28804,255112,77410,159903,22362,73300,115777,21462,212037,73020,26971,136092,413999,-277907,275680,43824,285337,231856,46049
2025-12-30,743107,24825,78966,35980,248780,79830,148128,21255,72639,111312,18686,198984,71408,23967,140635,407576,-266941,259440,39941,271623,219499,47441
2026-01-06,772291,26579,76739,35585,245778,84762,144914,20658,83678,110524,21037,215870,70379,23769,146926,407279,-260353,255438,41695,299548,213743,46610
2026-01-13,844000,28651,79694,28594,256753,106283,156773,20225,85732,114107,20192,246764,77096,28357,163528,442730,-279202,270880,40417,332496,230463,48739
2026-01-20,871555,37938,79584,24748,254047,113574,159752,20590,95486,105788,21023,260452,73817,26799,176260,447205,-270945,265540,41613,355938,223927,47018
2026-01-27,793753,32910,75605,29369,237445,106148,141822,20401,84867,107086,22072,219549,72002,27667,168427,419198,-250771,248908,42473,304416,206435,44335
2026-02-03,732325,32768,59019,36124,215835,99986,117210,23772,71367,87982,20232,220148,66741,21967,168878,374840,-205962,205192,44004,291515,161188,44774
2026-02-10,726156,36132,56042,39502,214435,96309,116157,23119,69568,84199,21790,222597,61693,22297,171943,366786,-194843,200356,44909,292165,155447,39396
2026-02-17,723906,33201,55706,38787,209605,99037,120314,24257,68135,82297,23764,222009,60126,21393,171025,364348,-193323,202611,48021,290144,154590,38733
2026-02-24,699768,31242,56176,36227,217431,91774,122385,22448,64512,85492,23241,191697,76440,32489,159243,365381,-206138,207877,45689,256209,162188,43951
2026-03-03,699876,31774,57801,36064,213848,94611,124006,23151,65180,84985,25948,199315,63943,20022,162449,366260,-203811,208991,49099,264495,159892,43921
2026-03-10,709862,32604,57865,35185,217292,97584,126132,23896,67547,84507,21066,204932,61371,19682,165373,372741,-207368,210639,44962,272479,165677,41689
2026-03-17,681393,31376,55168,34200,214065,92934,131237,25317,64516,80090,22659,187377,59665,19357,158510,362167,-203657,211327,47976,251893,163351,40308
2026-03-24,692212,26461,52249,34278,207906,96701,119740,26965,66717,87729,19170,202545,58041,19960,157440,356856,-199416,207469,46135,269262,161334,38081
2026-03-31,558977,18868,41838,31124,208288,58734,120536,26664,56102,84095,17271,132134,57385,17947,108726,308860,-200134,204631,43935,188236,160696,39438
2026-04-07,550487,19841,41800,30676,201182,57215,122382,30269,52834,80088,18333,131433,56019,17421,107732,300197,-192465,202470,48602,184267,153868,38598
2026-04-14,565169,22048,43817,28767,207687,56205,128638,29788,53881,79525,17257,138108,57997,18427,107020,307709,-200689,208163,47045,191989,161118,39570
2026-04-21,556894,20428,44124,28656,206203,57610,125908,30410,50634,82215,17516,132244,59200,18152,106694,307937,-201243,208123,47926,182878,160197,41048
2026-04-28,521553,18837,42448,29369,195935,56084,124282,32708,48499,80277,18347,109074,55131,18457,104290,294467,-190177,204559,51055,157573,153504,36674
2026-05-05,526987,18823,41173,28715,200373,56977,124667,29003,51135,78820,17983,112266,55585,18078,104515,298523,-194008,203487,46986,163401,156501,37507
2026-05-12,545067,17711,41434,26951,208803,61913,129070,28443,51258,83197,18650,118947,56019,15618,106575,312150,-205575,212267,47093,170205,165174,40401
2026-05-19,543416,20605,40621,30528,192418,70319,124058,29670,53021,74299,20028,117589,52996,19750,121452,303358,-181906,198357,49698,170610,148659,33246
2026-05-26,455126,15824,38531,29746,189568,60647,124534,27603,29884,72463,19734,70147,51882,19012,106217,288746,-182529,196997,47337,100031,149660,32870
2026-06-02,434790,13947,37076,27867,207242,45106,129260,17919,22553,72918,12842,74416,48724,17636,86920,289424,-202504,202178,30761,96969,171417,31088
2026-06-09,459311,14034,36172,28819,200371,56268,125798,22138,24494,75112,12868,85667,49118,21332,99121,292811,-193690,200910,35006,110161,165904,27786
2026-06-16,479355,17066,35714,29056,213010,52642,128528,15610,26125,75636,14169,100767,49535,21318,98764,301366,-202602,204164,29779,126892,174385,28217
2026-06-23,497446,19800,31157,28059,214572,60715,130663,17653,28736,77615,17741,106508,45350,20365,108574,306444,-197870,208278,35394,135244,172884,24985
2026-06-30,500141,19032,34569,27207,221936,52787,133471,16654,30227,86746,21353,96111,54561,26505,99026,309292,-210266,220217,38007,126338,182210,28056
